{
  "project_info": {
    "project_number": "750716534473",
    "firebase_url": "https://parkitfinal.firebaseio.com",
    "project_id": "parkitfinal",
    "storage_bucket": "parkitfinal.appspot.com"
  },
  "client": [
    {
      "client_info": {
        "mobilesdk_app_id": "1:750716534473:android:c304adcd20a4d7ec",
        "android_client_info": {
          "package_name": "com.example.parkitfinal"
        }
      },
      "oauth_client": [
        {
          "client_id": "750716534473-3cc18a478ei5933lp0k54tgf84307lf3.apps.googleusercontent.com",
          "client_type": 1,
          "android_info": {
            "package_name": "com.example.parkitfinal",
            "certificate_hash": "a0f2d8391755a2df52b6c0b135c9e68639a46083"
          }
        },
        {
          "client_id": "750716534473-bc07rag87v80fh7j7smbsjh7vch8r09l.apps.googleusercontent.com",
          "client_type": 3
        }
      ],
      "api_key": [
        {
          "current_key": "AIzaSyAgOERRWyp-Cm9lmA2QDMLPejo8NmYox9A"
        }
      ],
      "services": {
        "appinvite_service": {
          "other_platform_oauth_client": [
            {
              "client_id": "750716534473-bc07rag87v80fh7j7smbsjh7vch8r09l.apps.googleusercontent.com",
              "client_type": 3
            }
          ]
        }
      }
    }
  ],
  "configuration_version": "1"
}